drop table products;
drop table locations;
drop table inventory;
drop table customers;
drop table orders;
drop table order_items;

create table products(
    product_id varchar2(20) primary key,
    name varchar2(255),
    product_type varchar2(50),
    quantity int,
    receive_date date,
    CONSTRAINT chk_product_type 
        CHECK (product_type IN ('laptop', 'tablet', 'smartphone'))
);

create table locations (
    location_id varchar2(20) primary key,
    zone int,
    rack varchar2(20),
    max_capacity int,
    product_id varchar2(20),
    foreign key (product_id) references products(product_id)
);

create table inventory (
    inventory_id int GENERATED BY DEFAULT AS IDENTITY primary key,
    product_id varchar2(20) unique not NULL,
    product_type varchar2(50),
    location_id varchar2(20),
    quantity_number int,
    CONSTRAINT chk_inv_type CHECK (product_type IN ('laptop', 'tablet', 'smartphone')),
    foreign key (product_id) references products(product_id),
    foreign key (location_id) references locations(location_id)
);

create table customers (
    customer_id int GENERATED BY DEFAULT AS IDENTITY primary key,
    customer_fname varchar2(80),
    customer_lname varchar2(80),
    address varchar2(40)
);

create table orders (
    order_id int GENERATED BY DEFAULT AS IDENTITY primary key,
    customer_id int,
    status varchar2(20),
    ordered_at DATE DEFAULT sysdate
);

create table order_items (
    order_item_id int GENERATED BY DEFAULT AS IDENTITY primary key,
    order_id int,
    product_id varchar2(20),
    quantity int,
    foreign key (product_id) references inventory(product_id),
    foreign key (order_id) references orders(order_id)
);




-- ============================================
-- 1. ΠΡΟΪΟΝΤΑ (products)
-- ============================================
INSERT INTO products (product_id, name, product_type, quantity, receive_date) 
VALUES ('P001', 'Dell XPS 13', 'laptop', 15, DATE '2024-01-15');

INSERT INTO products (product_id, name, product_type, quantity, receive_date) 
VALUES ('P002', 'MacBook Pro 14', 'laptop', 8, DATE '2024-01-20');

INSERT INTO products (product_id, name, product_type, quantity, receive_date) 
VALUES ('P003', 'iPad Air', 'tablet', 20, DATE '2024-01-25');

INSERT INTO products (product_id, name, product_type, quantity, receive_date) 
VALUES ('P004', 'Samsung Galaxy Tab S9', 'tablet', 12, DATE '2024-02-01');

INSERT INTO products (product_id, name, product_type, quantity, receive_date) 
VALUES ('P005', 'iPhone 15 Pro', 'smartphone', 30, DATE '2024-02-05');

INSERT INTO products (product_id, name, product_type, quantity, receive_date) 
VALUES ('P006', 'Google Pixel 8', 'smartphone', 18, DATE '2024-02-10');

INSERT INTO products (product_id, name, product_type, quantity, receive_date) 
VALUES ('P007', 'HP Spectre x360', 'laptop', 10, DATE '2024-02-15');

INSERT INTO products (product_id, name, product_type, quantity, receive_date) 
VALUES ('P008', 'Lenovo ThinkPad X1', 'laptop', 25, DATE '2024-02-20');


-- ============================================
-- 2. ΤΟΠΟΘΕΣΙΕΣ (locations) - RACK_A, RACK_B, RACK_C
-- ============================================
INSERT INTO locations (location_id, zone, rack, max_capacity, product_id) 
VALUES ('R001', 1, 'RACK_A', 50, NULL);

INSERT INTO locations (location_id, zone, rack, max_capacity, product_id) 
VALUES ('R002', 1, 'RACK_A', 50, NULL);

INSERT INTO locations (location_id, zone, rack, max_capacity, product_id) 
VALUES ('R003', 1, 'RACK_A', 50, NULL);

INSERT INTO locations (location_id, zone, rack, max_capacity, product_id) 
VALUES ('R004', 2, 'RACK_B', 40, NULL);

INSERT INTO locations (location_id, zone, rack, max_capacity, product_id) 
VALUES ('R005', 2, 'RACK_B', 40, NULL);

INSERT INTO locations (location_id, zone, rack, max_capacity, product_id) 
VALUES ('R006', 2, 'RACK_B', 40, NULL);

INSERT INTO locations (location_id, zone, rack, max_capacity, product_id) 
VALUES ('R007', 3, 'RACK_C', 100, NULL);

INSERT INTO locations (location_id, zone, rack, max_capacity, product_id) 
VALUES ('R008', 3, 'RACK_C', 100, NULL);


-- ============================================
-- 3. ΠΕΛΑΤΕΣ (customers)
-- ============================================
INSERT INTO customers (customer_fname, customer_lname, address) 
VALUES ('Γιάννης', 'Παπαδόπουλος', 'Αθήνα, Οδός Ελευθερίας 10');

INSERT INTO customers (customer_fname, customer_lname, address) 
VALUES ('Μαρία', 'Βλαχοπούλου', 'Θεσσαλονίκη, Αριστοτέλους 5');

INSERT INTO customers (customer_fname, customer_lname, address) 
VALUES ('Νίκος', 'Ανδρέου', 'Πάτρα, Κορίνθου 20');


-- ============================================
-- 4. ΑΠΟΘΗΚΗ (inventory)
-- ============================================
INSERT INTO inventory (product_id, product_type, location_id, quantity_number) 
VALUES ('P001', 'laptop', 'R001', 15);

INSERT INTO inventory (product_id, product_type, location_id, quantity_number) 
VALUES ('P002', 'laptop', 'R002', 8);

INSERT INTO inventory (product_id, product_type, location_id, quantity_number) 
VALUES ('P003', 'tablet', 'R004', 20);

INSERT INTO inventory (product_id, product_type, location_id, quantity_number) 
VALUES ('P004', 'tablet', 'R005', 12);

INSERT INTO inventory (product_id, product_type, location_id, quantity_number) 
VALUES ('P005', 'smartphone', 'R007', 30);

INSERT INTO inventory (product_id, product_type, location_id, quantity_number) 
VALUES ('P006', 'smartphone', 'R007', 18);

INSERT INTO inventory (product_id, product_type, location_id, quantity_number) 
VALUES ('P007', 'laptop', 'R003', 10);

INSERT INTO inventory (product_id, product_type, location_id, quantity_number) 
VALUES ('P008', 'laptop', 'R001', 25);


-- ============================================
-- 5. ΠΑΡΑΓΓΕΛΙΕΣ (orders)
-- ============================================
INSERT INTO orders (customer_id, status, ordered_at) 
VALUES (1, 'SHIPPED', DATE '2024-03-01');

INSERT INTO orders (customer_id, status, ordered_at) 
VALUES (2, 'SHIPPED', DATE '2024-03-02');

INSERT INTO orders (customer_id, status, ordered_at) 
VALUES (3, 'PENDING', DATE '2024-03-03');

INSERT INTO orders (customer_id, status, ordered_at) 
VALUES (1, 'SHIPPED', DATE '2024-03-05');

INSERT INTO orders (customer_id, status, ordered_at) 
VALUES (2, 'PENDING', DATE '2024-03-07');

INSERT INTO orders (customer_id, status, ordered_at) 
VALUES (3, 'PROCESSING', DATE '2024-03-10');

INSERT INTO orders (customer_id, status, ordered_at) 
VALUES (1, 'SHIPPED', DATE '2024-03-12');

INSERT INTO orders (customer_id, status, ordered_at) 
VALUES (2, 'PENDING', DATE '2024-03-15');


-- ============================================
-- 6. ΣΤΟΙΧΕΙΑ ΠΑΡΑΓΓΕΛΙΩΝ (order_items)
-- ============================================
INSERT INTO order_items (order_id, product_id, quantity) 
VALUES (1, 'P001', 2);

INSERT INTO order_items (order_id, product_id, quantity) 
VALUES (2, 'P003', 5);

INSERT INTO order_items (order_id, product_id, quantity) 
VALUES (3, 'P005', 10);

INSERT INTO order_items (order_id, product_id, quantity) 
VALUES (4, 'P002', 1);

INSERT INTO order_items (order_id, product_id, quantity) 
VALUES (5, 'P004', 3);

INSERT INTO order_items (order_id, product_id, quantity) 
VALUES (6, 'P006', 8);

INSERT INTO order_items (order_id, product_id, quantity) 
VALUES (7, 'P007', 2);

INSERT INTO order_items (order_id, product_id, quantity) 
VALUES (8, 'P008', 5);


-- ============================================
-- 7. COMMIT (αποθήκευση όλων των αλλαγών)
-- ============================================
COMMIT;

-- ============================================
-- 8. ΕΠΑΛΗΘΕΥΣΗ (queries για έλεγχο)
-- ============================================
SELECT * FROM products;
SELECT * FROM locations;
SELECT * FROM customers;
SELECT * FROM inventory;
SELECT * FROM orders;
SELECT * FROM order_items;



