create table products(
    product_id varchar2(20) primary key,
    name varchar2(255),
    product_type varchar2(50),
    quantity int,
    receive_date date
);

create table locations (
    location_id varchar2(20) primary key,
    zone int,
    rack varchar2(20),
    max_capacity int,
    product_id varchar2(20),
    foreign key (product_id) references products(product_id)
);

create table inventory (
    inventory_id int GENERATED BY DEFAULT AS IDENTITY primary key,
    product_id varchar2(20) unique not NULL,
    product_type varchar2(50),
    location_id varchar2(20),
    quantity_number int,
    foreign key (product_id) references products(product_id),
    foreign key (location_id) references locations(location_id)
);

create table orders(
    order_id int GENERATED BY DEFAULT AS IDENTITY primary key,
    product_id varchar2(20),
    quantity int,
    status varchar2(20),
    ordered_at date,
    foreign key (product_id) references inventory(product_id)
);
-- drop table inventory;
-- drop table orders;

-- Προϊόντα
INSERT INTO products (product_id, name, product_type, quantity, receive_date) VALUES ('P001', 'Dell XPS 13', 'Laptop', 15, DATE '2024-01-15');
INSERT INTO products (product_id, name, product_type, quantity, receive_date) VALUES ('P002', 'MacBook Pro 14', 'Laptop', 8, DATE '2024-01-20');
INSERT INTO products (product_id, name, product_type, quantity, receive_date) VALUES ('P003', 'iPad Air', 'Tablet', 20, DATE '2024-01-25');
INSERT INTO products (product_id, name, product_type, quantity, receive_date) VALUES ('P004', 'Samsung Galaxy Tab S9', 'Tablet', 12, DATE '2024-02-01');
INSERT INTO products (product_id, name, product_type, quantity, receive_date) VALUES ('P005', 'iPhone 15 Pro', 'Smartphone', 30, DATE '2024-02-05');
INSERT INTO products (product_id, name, product_type, quantity, receive_date) VALUES ('P006', 'Google Pixel 8', 'Smartphone', 18, DATE '2024-02-10');
INSERT INTO products (product_id, name, product_type, quantity, receive_date) VALUES ('P007', 'HP Spectre x360', 'Laptop', 10, DATE '2024-02-15');
INSERT INTO products (product_id, name, product_type, quantity, receive_date) VALUES ('P008', 'Lenovo ThinkPad X1', 'Laptop', 25, DATE '2024-02-20');

-- Τοποθεσίες (racks)
INSERT INTO locations (location_id, zone, rack, max_capacity, product_id) VALUES ('R001', 1, 'A1', 50, NULL);
INSERT INTO locations (location_id, zone, rack, max_capacity, product_id) VALUES ('R002', 1, 'A2', 50, NULL);
INSERT INTO locations (location_id, zone, rack, max_capacity, product_id) VALUES ('R003', 1, 'A3', 50, NULL);
INSERT INTO locations (location_id, zone, rack, max_capacity, product_id) VALUES ('R004', 2, 'B1', 40, NULL);
INSERT INTO locations (location_id, zone, rack, max_capacity, product_id) VALUES ('R005', 2, 'B2', 40, NULL);
INSERT INTO locations (location_id, zone, rack, max_capacity, product_id) VALUES ('R006', 2, 'B3', 40, NULL);
INSERT INTO locations (location_id, zone, rack, max_capacity, product_id) VALUES ('R007', 3, 'C1', 100, NULL);
INSERT INTO locations (location_id, zone, rack, max_capacity, product_id) VALUES ('R008', 3, 'C2', 100, NULL);

-- Αποθήκη (τα προϊόντα στις τοποθεσίες τους)
INSERT INTO inventory (product_id, product_type, location_id, quantity_number) VALUES ('P001', 'Laptop', 'R001', 15);
INSERT INTO inventory (product_id, product_type, location_id, quantity_number) VALUES ('P002', 'Laptop', 'R002', 8);
INSERT INTO inventory (product_id, product_type, location_id, quantity_number) VALUES ('P003', 'Tablet', 'R004', 20);
INSERT INTO inventory (product_id, product_type, location_id, quantity_number) VALUES ('P004', 'Tablet', 'R005', 12);
INSERT INTO inventory (product_id, product_type, location_id, quantity_number) VALUES ('P005', 'Smartphone', 'R007', 30);
INSERT INTO inventory (product_id, product_type, location_id, quantity_number) VALUES ('P006', 'Smartphone', 'R007', 18);
INSERT INTO inventory (product_id, product_type, location_id, quantity_number) VALUES ('P007', 'Laptop', 'R003', 10);
INSERT INTO inventory (product_id, product_type, location_id, quantity_number) VALUES ('P008', 'Laptop', 'R001', 25);

-- Παραγγελίες
INSERT INTO orders (product_id, quantity, status, ordered_at) VALUES ('P001', 2, 'SHIPPED', DATE '2024-03-01');
INSERT INTO orders (product_id, quantity, status, ordered_at) VALUES ('P003', 5, 'SHIPPED', DATE '2024-03-02');
INSERT INTO orders (product_id, quantity, status, ordered_at) VALUES ('P005', 10, 'PENDING', DATE '2024-03-03');
INSERT INTO orders (product_id, quantity, status, ordered_at) VALUES ('P002', 1, 'SHIPPED', DATE '2024-03-05');
INSERT INTO orders (product_id, quantity, status, ordered_at) VALUES ('P004', 3, 'PENDING', DATE '2024-03-07');
INSERT INTO orders (product_id, quantity, status, ordered_at) VALUES ('P006', 8, 'PROCESSING', DATE '2024-03-10');
INSERT INTO orders (product_id, quantity, status, ordered_at) VALUES ('P007', 2, 'SHIPPED', DATE '2024-03-12');
INSERT INTO orders (product_id, quantity, status, ordered_at) VALUES ('P008', 5, 'PENDING', DATE '2024-03-15');

-- select * from products;

-- SELECT * from locations;

SELECT * from inventory;

SELECT * from orders;



